warning_type,category
JUA_DONT_ASSERT_INSTANCEOF_IN_TESTS,Bad practice (BAD_PRACTICE)
AA_ASSERTION_OF_ARGUMENTS,Bad practice (BAD_PRACTICE)
CT_CONSTRUCTOR_THROW,Bad practice (BAD_PRACTICE)
CNT_ROUGH_CONSTANT_VALUE,Bad practice (BAD_PRACTICE)
NP_BOOLEAN_RETURN_NULL,Bad practice (BAD_PRACTICE)
SW_SWING_METHODS_INVOKED_IN_SWING_THREAD,Bad practice (BAD_PRACTICE)
FI_FINALIZER_ONLY_NULLS_FIELDS,Bad practice (BAD_PRACTICE)
FI_FINALIZER_NULLS_FIELDS,Bad practice (BAD_PRACTICE)
UI_INHERITANCE_UNSAFE_GETRESOURCE,Bad practice (BAD_PRACTICE)
AM_CREATES_EMPTY_ZIP_FILE_ENTRY,Bad practice (BAD_PRACTICE)
AM_CREATES_EMPTY_JAR_FILE_ENTRY,Bad practice (BAD_PRACTICE)
IMSE_DONT_CATCH_IMSE,Bad practice (BAD_PRACTICE)
CN_IMPLEMENTS_CLONE_BUT_NOT_CLONEABLE,Bad practice (BAD_PRACTICE)
CN_IDIOM,Bad practice (BAD_PRACTICE)
CN_IDIOM_NO_SUPER_CALL,Bad practice (BAD_PRACTICE)
DE_MIGHT_DROP,Bad practice (BAD_PRACTICE)
DE_MIGHT_IGNORE,Bad practice (BAD_PRACTICE)
DM_EXIT,Bad practice (BAD_PRACTICE)
NM_FUTURE_KEYWORD_USED_AS_IDENTIFIER,Bad practice (BAD_PRACTICE)
NM_FUTURE_KEYWORD_USED_AS_MEMBER_IDENTIFIER,Bad practice (BAD_PRACTICE)
JCIP_FIELD_ISNT_FINAL_IN_IMMUTABLE_CLASS,Bad practice (BAD_PRACTICE)
DM_RUN_FINALIZERS_ON_EXIT,Bad practice (BAD_PRACTICE)
NP_EQUALS_SHOULD_HANDLE_NULL_ARGUMENT,Bad practice (BAD_PRACTICE)
FI_EMPTY,Bad practice (BAD_PRACTICE)
FI_NULLIFY_SUPER,Bad practice (BAD_PRACTICE)
FI_USELESS,Bad practice (BAD_PRACTICE)
FI_MISSING_SUPER_CALL,Bad practice (BAD_PRACTICE)
FI_EXPLICIT_INVOCATION,Bad practice (BAD_PRACTICE)
EQ_CHECK_FOR_OPERAND_NOT_COMPATIBLE_WITH_THIS,Bad practice (BAD_PRACTICE)
EQ_GETCLASS_AND_CLASS_CONSTANT,Bad practice (BAD_PRACTICE)
EQ_SELF_NO_OBJECT,Bad practice (BAD_PRACTICE)
CO_SELF_NO_OBJECT,Bad practice (BAD_PRACTICE)
CO_COMPARETO_RESULTS_MIN_VALUE,Bad practice (BAD_PRACTICE)
CO_COMPARETO_INCORRECT_FLOATING,Bad practice (BAD_PRACTICE)
RV_NEGATING_RESULT_OF_COMPARETO,Bad practice (BAD_PRACTICE)
ES_COMPARING_STRINGS_WITH_EQ,Bad practice (BAD_PRACTICE)
ES_COMPARING_PARAMETER_STRING_WITH_EQ,Bad practice (BAD_PRACTICE)
EQ_COMPARETO_USE_OBJECT_EQUALS,Bad practice (BAD_PRACTICE)
HE_HASHCODE_USE_OBJECT_EQUALS,Bad practice (BAD_PRACTICE)
HE_HASHCODE_NO_EQUALS,Bad practice (BAD_PRACTICE)
HE_EQUALS_USE_HASHCODE,Bad practice (BAD_PRACTICE)
HE_INHERITS_EQUALS_USE_HASHCODE,Bad practice (BAD_PRACTICE)
HE_EQUALS_NO_HASHCODE,Bad practice (BAD_PRACTICE)
EQ_ABSTRACT_SELF,Bad practice (BAD_PRACTICE)
CO_ABSTRACT_SELF,Bad practice (BAD_PRACTICE)
IC_SUPERCLASS_USES_SUBCLASS_DURING_INITIALIZATION,Bad practice (BAD_PRACTICE)
SI_INSTANCE_BEFORE_FINALS_ASSIGNED,Bad practice (BAD_PRACTICE)
IT_NO_SUCH_ELEMENT,Bad practice (BAD_PRACTICE)
ME_MUTABLE_ENUM_FIELD,Bad practice (BAD_PRACTICE)
ME_ENUM_FIELD_SETTER,Bad practice (BAD_PRACTICE)
NM_METHOD_NAMING_CONVENTION,Bad practice (BAD_PRACTICE)
NM_FIELD_NAMING_CONVENTION,Bad practice (BAD_PRACTICE)
NM_SAME_SIMPLE_NAME_AS_INTERFACE,Bad practice (BAD_PRACTICE)
NM_SAME_SIMPLE_NAME_AS_SUPERCLASS,Bad practice (BAD_PRACTICE)
NM_CLASS_NAMING_CONVENTION,Bad practice (BAD_PRACTICE)
NM_VERY_CONFUSING_INTENTIONAL,Bad practice (BAD_PRACTICE)
NM_WRONG_PACKAGE_INTENTIONAL,Bad practice (BAD_PRACTICE)
NM_CONFUSING,Bad practice (BAD_PRACTICE)
NM_CLASS_NOT_EXCEPTION,Bad practice (BAD_PRACTICE)
RR_NOT_CHECKED,Bad practice (BAD_PRACTICE)
SR_NOT_CHECKED,Bad practice (BAD_PRACTICE)
SE_NO_SUITABLE_CONSTRUCTOR,Bad practice (BAD_PRACTICE)
SE_NO_SUITABLE_CONSTRUCTOR_FOR_EXTERNALIZATION,Bad practice (BAD_PRACTICE)
SE_COMPARATOR_SHOULD_BE_SERIALIZABLE,Bad practice (BAD_PRACTICE)
SE_NO_SERIALVERSIONID,Bad practice (BAD_PRACTICE)
SE_READ_RESOLVE_MUST_RETURN_OBJECT,Bad practice (BAD_PRACTICE)
SE_TRANSIENT_FIELD_NOT_RESTORED,Bad practice (BAD_PRACTICE)
SE_PREVENT_EXT_OBJ_OVERWRITE,Bad practice (BAD_PRACTICE)
SE_NONFINAL_SERIALVERSIONID,Bad practice (BAD_PRACTICE)
SE_NONSTATIC_SERIALVERSIONID,Bad practice (BAD_PRACTICE)
SE_NONLONG_SERIALVERSIONID,Bad practice (BAD_PRACTICE)
SE_BAD_FIELD,Bad practice (BAD_PRACTICE)
SE_INNER_CLASS,Bad practice (BAD_PRACTICE)
SE_BAD_FIELD_INNER_CLASS,Bad practice (BAD_PRACTICE)
SE_BAD_FIELD_STORE,Bad practice (BAD_PRACTICE)
RV_RETURN_VALUE_IGNORED_BAD_PRACTICE,Bad practice (BAD_PRACTICE)
NP_TOSTRING_COULD_RETURN_NULL,Bad practice (BAD_PRACTICE)
NP_CLONE_COULD_RETURN_NULL,Bad practice (BAD_PRACTICE)
OS_OPEN_STREAM,Bad practice (BAD_PRACTICE)
OS_OPEN_STREAM_EXCEPTION_PATH,Bad practice (BAD_PRACTICE)
RC_REF_COMPARISON_BAD_PRACTICE,Bad practice (BAD_PRACTICE)
RC_REF_COMPARISON_BAD_PRACTICE_BOOLEAN,Bad practice (BAD_PRACTICE)
VA_FORMAT_STRING_USES_NEWLINE,Bad practice (BAD_PRACTICE)
BIT_SIGNED_CHECK,Bad practice (BAD_PRACTICE)
ODR_OPEN_DATABASE_RESOURCE,Bad practice (BAD_PRACTICE)
ODR_OPEN_DATABASE_RESOURCE_EXCEPTION_PATH,Bad practice (BAD_PRACTICE)
ISC_INSTANTIATE_STATIC_CLASS,Bad practice (BAD_PRACTICE)
DMI_RANDOM_USED_ONLY_ONCE,Bad practice (BAD_PRACTICE)
BC_EQUALS_METHOD_SHOULD_WORK_FOR_ALL_OBJECTS,Bad practice (BAD_PRACTICE)
J2EE_STORE_OF_NON_SERIALIZABLE_OBJECT_INTO_SESSION,Bad practice (BAD_PRACTICE)
GC_UNCHECKED_TYPE_IN_GENERIC_CALL,Bad practice (BAD_PRACTICE)
PZ_DONT_REUSE_ENTRY_OBJECTS_IN_ITERATORS,Bad practice (BAD_PRACTICE)
DMI_ENTRY_SETS_MAY_REUSE_ENTRY_OBJECTS,Bad practice (BAD_PRACTICE)
DMI_USING_REMOVEALL_TO_CLEAR_COLLECTION,Bad practice (BAD_PRACTICE)
THROWS_METHOD_THROWS_RUNTIMEEXCEPTION,Bad practice (BAD_PRACTICE)
THROWS_METHOD_THROWS_CLAUSE_BASIC_EXCEPTION,Bad practice (BAD_PRACTICE)
THROWS_METHOD_THROWS_CLAUSE_THROWABLE,Bad practice (BAD_PRACTICE)
PA_PUBLIC_PRIMITIVE_ATTRIBUTE,Bad practice (BAD_PRACTICE)
PA_PUBLIC_ARRAY_ATTRIBUTE,Bad practice (BAD_PRACTICE)
PA_PUBLIC_MUTABLE_OBJECT_ATTRIBUTE,Bad practice (BAD_PRACTICE)
PI_DO_NOT_REUSE_PUBLIC_IDENTIFIERS_CLASS_NAMES,Bad practice (BAD_PRACTICE)
PI_DO_NOT_REUSE_PUBLIC_IDENTIFIERS_FIELD_NAMES,Bad practice (BAD_PRACTICE)
PI_DO_NOT_REUSE_PUBLIC_IDENTIFIERS_METHOD_NAMES,Bad practice (BAD_PRACTICE)
PI_DO_NOT_REUSE_PUBLIC_IDENTIFIERS_LOCAL_VARIABLE_NAMES,Bad practice (BAD_PRACTICE)
ENV_USE_PROPERTY_INSTEAD_OF_ENV,Bad practice (BAD_PRACTICE)
OVERRIDING_METHODS_MUST_INVOKE_SUPER,Correctness (CORRECTNESS)
NP_OPTIONAL_RETURN_NULL,Correctness (CORRECTNESS)
NP_NONNULL_FIELD_NOT_INITIALIZED_IN_CONSTRUCTOR,Correctness (CORRECTNESS)
VR_UNRESOLVABLE_REFERENCE,Correctness (CORRECTNESS)
IL_INFINITE_LOOP,Correctness (CORRECTNESS)
IO_APPENDING_TO_OBJECT_OUTPUT_STREAM,Correctness (CORRECTNESS)
IL_INFINITE_RECURSIVE_LOOP,Correctness (CORRECTNESS)
IL_CONTAINER_ADDED_TO_ITSELF,Correctness (CORRECTNESS)
RpC_REPEATED_CONDITIONAL_TEST,Correctness (CORRECTNESS)
FL_MATH_USING_FLOAT_PRECISION,Correctness (CORRECTNESS)
CAA_COVARIANT_ARRAY_ELEMENT_STORE,Correctness (CORRECTNESS)
DMI_VACUOUS_CALL_TO_EASYMOCK_METHOD,Correctness (CORRECTNESS)
DMI_FUTILE_ATTEMPT_TO_CHANGE_MAXPOOL_SIZE_OF_SCHEDULED_THREAD_POOL_EXECUTOR,Correctness (CORRECTNESS)
DMI_BIGDECIMAL_CONSTRUCTED_FROM_DOUBLE,Correctness (CORRECTNESS)
DMI_SCHEDULED_THREAD_POOL_EXECUTOR_WITH_ZERO_CORE_THREADS,Correctness (CORRECTNESS)
DMI_ANNOTATION_IS_NOT_VISIBLE_TO_REFLECTION,Correctness (CORRECTNESS)
NP_ARGUMENT_MIGHT_BE_NULL,Correctness (CORRECTNESS)
RV_ABSOLUTE_VALUE_OF_RANDOM_INT,Correctness (CORRECTNESS)
RV_ABSOLUTE_VALUE_OF_HASHCODE,Correctness (CORRECTNESS)
RV_01_TO_INT,Correctness (CORRECTNESS)
DM_INVALID_MIN_MAX,Correctness (CORRECTNESS)
EQ_COMPARING_CLASS_NAMES,Correctness (CORRECTNESS)
EQ_ALWAYS_TRUE,Correctness (CORRECTNESS)
EQ_ALWAYS_FALSE,Correctness (CORRECTNESS)
EQ_OVERRIDING_EQUALS_NOT_SYMMETRIC,Correctness (CORRECTNESS)
EQ_DONT_DEFINE_EQUALS_FOR_ENUM,Correctness (CORRECTNESS)
EQ_SELF_USE_OBJECT,Correctness (CORRECTNESS)
EQ_OTHER_USE_OBJECT,Correctness (CORRECTNESS)
EQ_OTHER_NO_OBJECT,Correctness (CORRECTNESS)
HE_SIGNATURE_DECLARES_HASHING_OF_UNHASHABLE_CLASS,Correctness (CORRECTNESS)
HE_USE_OF_UNHASHABLE_CLASS,Correctness (CORRECTNESS)
UR_UNINIT_READ,Correctness (CORRECTNESS)
UR_UNINIT_READ_CALLED_FROM_SUPER_CONSTRUCTOR,Correctness (CORRECTNESS)
NM_VERY_CONFUSING,Correctness (CORRECTNESS)
NM_WRONG_PACKAGE,Correctness (CORRECTNESS)
NM_METHOD_CONSTRUCTOR_CONFUSION,Correctness (CORRECTNESS)
NM_LCASE_HASHCODE,Correctness (CORRECTNESS)
NM_LCASE_TOSTRING,Correctness (CORRECTNESS)
NM_BAD_EQUAL,Correctness (CORRECTNESS)
SE_READ_RESOLVE_IS_STATIC,Correctness (CORRECTNESS)
SE_METHOD_MUST_BE_PRIVATE,Correctness (CORRECTNESS)
SF_DEAD_STORE_DUE_TO_SWITCH_FALLTHROUGH,Correctness (CORRECTNESS)
SF_DEAD_STORE_DUE_TO_SWITCH_FALLTHROUGH_TO_THROW,Correctness (CORRECTNESS)
NP_UNWRITTEN_FIELD,Correctness (CORRECTNESS)
UWF_NULL_FIELD,Correctness (CORRECTNESS)
UWF_UNWRITTEN_FIELD,Correctness (CORRECTNESS)
SIC_THREADLOCAL_DEADLY_EMBRACE,Correctness (CORRECTNESS)
RANGE_ARRAY_INDEX,Correctness (CORRECTNESS)
RANGE_ARRAY_OFFSET,Correctness (CORRECTNESS)
RANGE_ARRAY_LENGTH,Correctness (CORRECTNESS)
RANGE_STRING_INDEX,Correctness (CORRECTNESS)
RV_RETURN_VALUE_IGNORED,Correctness (CORRECTNESS)
RV_EXCEPTION_NOT_THROWN,Correctness (CORRECTNESS)
RV_CHECK_COMPARETO_FOR_SPECIFIC_RETURN_VALUE,Correctness (CORRECTNESS)
NP_ALWAYS_NULL,Correctness (CORRECTNESS)
NP_CLOSING_NULL,Correctness (CORRECTNESS)
NP_STORE_INTO_NONNULL_FIELD,Correctness (CORRECTNESS)
NP_ALWAYS_NULL_EXCEPTION,Correctness (CORRECTNESS)
NP_NULL_ON_SOME_PATH,Correctness (CORRECTNESS)
NP_NULL_ON_SOME_PATH_EXCEPTION,Correctness (CORRECTNESS)
NP_NULL_PARAM_DEREF,Correctness (CORRECTNESS)
NP_NULL_PARAM_DEREF_NONVIRTUAL,Correctness (CORRECTNESS)
NP_NULL_PARAM_DEREF_ALL_TARGETS_DANGEROUS,Correctness (CORRECTNESS)
NP_NONNULL_PARAM_VIOLATION,Correctness (CORRECTNESS)
NP_NONNULL_RETURN_VIOLATION,Correctness (CORRECTNESS)
NP_GUARANTEED_DEREF,Correctness (CORRECTNESS)
NP_GUARANTEED_DEREF_ON_EXCEPTION_PATH,Correctness (CORRECTNESS)
DMI_ARGUMENTS_WRONG_ORDER,Correctness (CORRECTNESS)
RCN_REDUNDANT_NULLCHECK_WOULD_HAVE_BEEN_A_NPE,Correctness (CORRECTNESS)
RC_REF_COMPARISON,Correctness (CORRECTNESS)
VA_PRIMITIVE_ARRAY_PASSED_TO_OBJECT_VARARG,Correctness (CORRECTNESS)
EC_UNRELATED_TYPES_USING_POINTER_EQUALITY,Correctness (CORRECTNESS)
EC_UNRELATED_TYPES,Correctness (CORRECTNESS)
EC_ARRAY_AND_NONARRAY,Correctness (CORRECTNESS)
EC_NULL_ARG,Correctness (CORRECTNESS)
EC_UNRELATED_INTERFACES,Correctness (CORRECTNESS)
EC_UNRELATED_CLASS_AND_INTERFACE,Correctness (CORRECTNESS)
SA_LOCAL_SELF_ASSIGNMENT_INSTEAD_OF_FIELD,Correctness (CORRECTNESS)
INT_BAD_COMPARISON_WITH_INT_VALUE,Correctness (CORRECTNESS)
INT_BAD_COMPARISON_WITH_SIGNED_BYTE,Correctness (CORRECTNESS)
INT_BAD_COMPARISON_WITH_NONNEGATIVE_VALUE,Correctness (CORRECTNESS)
BIT_ADD_OF_SIGNED_BYTE,Correctness (CORRECTNESS)
BIT_IOR_OF_SIGNED_BYTE,Correctness (CORRECTNESS)
BIT_SIGNED_CHECK_HIGH_BIT,Correctness (CORRECTNESS)
BIT_AND,Correctness (CORRECTNESS)
BIT_AND_ZZ,Correctness (CORRECTNESS)
BIT_IOR,Correctness (CORRECTNESS)
SA_FIELD_SELF_ASSIGNMENT,Correctness (CORRECTNESS)
SA_FIELD_SELF_COMPUTATION,Correctness (CORRECTNESS)
SA_LOCAL_SELF_COMPUTATION,Correctness (CORRECTNESS)
SA_FIELD_SELF_COMPARISON,Correctness (CORRECTNESS)
SA_LOCAL_SELF_COMPARISON,Correctness (CORRECTNESS)
UMAC_UNCALLABLE_METHOD_OF_ANONYMOUS_CLASS,Correctness (CORRECTNESS)
IJU_ASSERT_METHOD_INVOKED_FROM_RUN_METHOD,Correctness (CORRECTNESS)
IJU_BAD_SUITE_METHOD,Correctness (CORRECTNESS)
IJU_SETUP_NO_SUPER,Correctness (CORRECTNESS)
IJU_TEARDOWN_NO_SUPER,Correctness (CORRECTNESS)
IJU_SUITE_NOT_STATIC,Correctness (CORRECTNESS)
IJU_NO_TESTS,Correctness (CORRECTNESS)
BOA_BADLY_OVERRIDDEN_ADAPTER,Correctness (CORRECTNESS)
SQL_BAD_RESULTSET_ACCESS,Correctness (CORRECTNESS)
SQL_BAD_PREPARED_STATEMENT_ACCESS,Correctness (CORRECTNESS)
SIO_SUPERFLUOUS_INSTANCEOF,Correctness (CORRECTNESS)
BAC_BAD_APPLET_CONSTRUCTOR,Correctness (CORRECTNESS)
EC_INCOMPATIBLE_ARRAY_COMPARE,Correctness (CORRECTNESS)
EC_BAD_ARRAY_COMPARE,Correctness (CORRECTNESS)
STI_INTERRUPTED_ON_CURRENTTHREAD,Correctness (CORRECTNESS)
STI_INTERRUPTED_ON_UNKNOWNTHREAD,Correctness (CORRECTNESS)
DLS_DEAD_LOCAL_INCREMENT_IN_RETURN,Correctness (CORRECTNESS)
DLS_DEAD_STORE_OF_CLASS_LITERAL,Correctness (CORRECTNESS)
IP_PARAMETER_IS_DEAD_BUT_OVERWRITTEN,Correctness (CORRECTNESS)
MF_METHOD_MASKS_FIELD,Correctness (CORRECTNESS)
MF_CLASS_MASKS_FIELD,Correctness (CORRECTNESS)
FE_TEST_IF_EQUAL_TO_NOT_A_NUMBER,Correctness (CORRECTNESS)
ICAST_INT_2_LONG_AS_INSTANT,Correctness (CORRECTNESS)
ICAST_INT_CAST_TO_DOUBLE_PASSED_TO_CEIL,Correctness (CORRECTNESS)
ICAST_INT_CAST_TO_FLOAT_PASSED_TO_ROUND,Correctness (CORRECTNESS)
NP_NULL_INSTANCEOF,Correctness (CORRECTNESS)
DMI_LONG_BITS_TO_DOUBLE_INVOKED_ON_INT,Correctness (CORRECTNESS)
BC_IMPOSSIBLE_CAST,Correctness (CORRECTNESS)
BC_IMPOSSIBLE_DOWNCAST,Correctness (CORRECTNESS)
BC_IMPOSSIBLE_DOWNCAST_OF_TOARRAY,Correctness (CORRECTNESS)
BC_IMPOSSIBLE_INSTANCEOF,Correctness (CORRECTNESS)
RE_POSSIBLE_UNINTENDED_PATTERN,Correctness (CORRECTNESS)
RE_BAD_SYNTAX_FOR_REGULAR_EXPRESSION,Correctness (CORRECTNESS)
RE_CANT_USE_FILE_SEPARATOR_AS_REGULAR_EXPRESSION,Correctness (CORRECTNESS)
DLS_OVERWRITTEN_INCREMENT,Correctness (CORRECTNESS)
ICAST_BAD_SHIFT_AMOUNT,Correctness (CORRECTNESS)
BSHIFT_WRONG_ADD_PRIORITY,Correctness (CORRECTNESS)
IM_MULTIPLYING_RESULT_OF_IREM,Correctness (CORRECTNESS)
DMI_INVOKING_HASHCODE_ON_ARRAY,Correctness (CORRECTNESS)
DMI_INVOKING_TOSTRING_ON_ARRAY,Correctness (CORRECTNESS)
DMI_INVOKING_TOSTRING_ON_ANONYMOUS_ARRAY,Correctness (CORRECTNESS)
DMI_BAD_MONTH,Correctness (CORRECTNESS)
DMI_CALLING_NEXT_FROM_HASNEXT,Correctness (CORRECTNESS)
QBA_QUESTIONABLE_BOOLEAN_ASSIGNMENT,Correctness (CORRECTNESS)
GC_UNRELATED_TYPES,Correctness (CORRECTNESS)
DMI_VACUOUS_SELF_COLLECTION_CALL,Correctness (CORRECTNESS)
DMI_DOH,Correctness (CORRECTNESS)
DMI_COLLECTIONS_SHOULD_NOT_CONTAIN_THEMSELVES,Correctness (CORRECTNESS)
TQ_UNKNOWN_VALUE_USED_WHERE_ALWAYS_STRICTLY_REQUIRED,Correctness (CORRECTNESS)
TQ_COMPARING_VALUES_WITH_INCOMPATIBLE_TYPE_QUALIFIERS,Correctness (CORRECTNESS)
TQ_ALWAYS_VALUE_USED_WHERE_NEVER_REQUIRED,Correctness (CORRECTNESS)
TQ_NEVER_VALUE_USED_WHERE_ALWAYS_REQUIRED,Correctness (CORRECTNESS)
TQ_MAYBE_SOURCE_VALUE_REACHES_ALWAYS_SINK,Correctness (CORRECTNESS)
TQ_MAYBE_SOURCE_VALUE_REACHES_NEVER_SINK,Correctness (CORRECTNESS)
FB_UNEXPECTED_WARNING,Correctness (CORRECTNESS)
FB_MISSING_EXPECTED_WARNING,Correctness (CORRECTNESS)
EOS_BAD_END_OF_STREAM_CHECK,Correctness (CORRECTNESS)
FL_FLOATS_AS_LOOP_COUNTERS,Correctness (CORRECTNESS)
SING_SINGLETON_IMPLEMENTS_CLONEABLE,Correctness (CORRECTNESS)
SING_SINGLETON_INDIRECTLY_IMPLEMENTS_CLONEABLE,Correctness (CORRECTNESS)
SING_SINGLETON_IMPLEMENTS_CLONE_METHOD,Correctness (CORRECTNESS)
SING_SINGLETON_HAS_NONPRIVATE_CONSTRUCTOR,Correctness (CORRECTNESS)
SING_SINGLETON_IMPLEMENTS_SERIALIZABLE,Correctness (CORRECTNESS)
SING_SINGLETON_GETTER_NOT_SYNCHRONIZED,Correctness (CORRECTNESS)
SKIPPED_CLASS_TOO_BIG,Experimental (EXPERIMENTAL)
UNKNOWN,Experimental (EXPERIMENTAL)
TESTING,Experimental (EXPERIMENTAL)
TESTING1,Experimental (EXPERIMENTAL)
TESTING2,Experimental (EXPERIMENTAL)
TESTING3,Experimental (EXPERIMENTAL)
OBL_UNSATISFIED_OBLIGATION,Experimental (EXPERIMENTAL)
OBL_UNSATISFIED_OBLIGATION_EXCEPTION_EDGE,Experimental (EXPERIMENTAL)
LG_LOST_LOGGER_DUE_TO_WEAK_REFERENCE,Experimental (EXPERIMENTAL)
DM_CONVERT_CASE,Internationalization (I18N)
DM_DEFAULT_ENCODING,Internationalization (I18N)
DP_DO_INSIDE_DO_PRIVILEGED,Malicious code vulnerability (MALICIOUS_CODE)
DP_CREATE_CLASSLOADER_INSIDE_DO_PRIVILEGED,Malicious code vulnerability (MALICIOUS_CODE)
FI_PUBLIC_SHOULD_BE_PROTECTED,Malicious code vulnerability (MALICIOUS_CODE)
MS_EXPOSE_REP,Malicious code vulnerability (MALICIOUS_CODE)
MS_EXPOSE_BUF,Malicious code vulnerability (MALICIOUS_CODE)
EI_EXPOSE_REP,Malicious code vulnerability (MALICIOUS_CODE)
EI_EXPOSE_BUF,Malicious code vulnerability (MALICIOUS_CODE)
EI_EXPOSE_REP2,Malicious code vulnerability (MALICIOUS_CODE)
EI_EXPOSE_STATIC_REP2,Malicious code vulnerability (MALICIOUS_CODE)
EI_EXPOSE_BUF2,Malicious code vulnerability (MALICIOUS_CODE)
EI_EXPOSE_STATIC_BUF2,Malicious code vulnerability (MALICIOUS_CODE)
MS_OOI_PKGPROTECT,Malicious code vulnerability (MALICIOUS_CODE)
MS_FINAL_PKGPROTECT,Malicious code vulnerability (MALICIOUS_CODE)
MS_SHOULD_BE_FINAL,Malicious code vulnerability (MALICIOUS_CODE)
MS_SHOULD_BE_REFACTORED_TO_BE_FINAL,Malicious code vulnerability (MALICIOUS_CODE)
MS_PKGPROTECT,Malicious code vulnerability (MALICIOUS_CODE)
MS_MUTABLE_HASHTABLE,Malicious code vulnerability (MALICIOUS_CODE)
MS_MUTABLE_ARRAY,Malicious code vulnerability (MALICIOUS_CODE)
MS_MUTABLE_COLLECTION,Malicious code vulnerability (MALICIOUS_CODE)
MS_MUTABLE_COLLECTION_PKGPROTECT,Malicious code vulnerability (MALICIOUS_CODE)
MS_CANNOT_BE_FINAL,Malicious code vulnerability (MALICIOUS_CODE)
REFLC_REFLECTION_MAY_INCREASE_ACCESSIBILITY_OF_CLASS,Malicious code vulnerability (MALICIOUS_CODE)
REFLF_REFLECTION_MAY_INCREASE_ACCESSIBILITY_OF_FIELD,Malicious code vulnerability (MALICIOUS_CODE)
MC_OVERRIDABLE_METHOD_CALL_IN_CONSTRUCTOR,Malicious code vulnerability (MALICIOUS_CODE)
MC_OVERRIDABLE_METHOD_CALL_IN_CLONE,Malicious code vulnerability (MALICIOUS_CODE)
MC_OVERRIDABLE_METHOD_CALL_IN_READ_OBJECT,Malicious code vulnerability (MALICIOUS_CODE)
PERM_SUPER_NOT_CALLED_IN_GETPERMISSIONS,Malicious code vulnerability (MALICIOUS_CODE)
USC_POTENTIAL_SECURITY_CHECK_BASED_ON_UNTRUSTED_SOURCE,Malicious code vulnerability (MALICIOUS_CODE)
VSC_VULNERABLE_SECURITY_CHECK_METHODS,Malicious code vulnerability (MALICIOUS_CODE)
AT_OPERATION_SEQUENCE_ON_CONCURRENT_ABSTRACTION,Multithreaded correctness (MT_CORRECTNESS)
STCAL_STATIC_CALENDAR_INSTANCE,Multithreaded correctness (MT_CORRECTNESS)
STCAL_STATIC_SIMPLE_DATE_FORMAT_INSTANCE,Multithreaded correctness (MT_CORRECTNESS)
STCAL_INVOKE_ON_STATIC_CALENDAR_INSTANCE,Multithreaded correctness (MT_CORRECTNESS)
STCAL_INVOKE_ON_STATIC_DATE_FORMAT_INSTANCE,Multithreaded correctness (MT_CORRECTNESS)
NP_SYNC_AND_NULL_CHECK_FIELD,Multithreaded correctness (MT_CORRECTNESS)
VO_VOLATILE_REFERENCE_TO_ARRAY,Multithreaded correctness (MT_CORRECTNESS)
VO_VOLATILE_INCREMENT,Multithreaded correctness (MT_CORRECTNESS)
DM_MONITOR_WAIT_ON_CONDITION,Multithreaded correctness (MT_CORRECTNESS)
DM_USELESS_THREAD,Multithreaded correctness (MT_CORRECTNESS)
DC_DOUBLECHECK,Multithreaded correctness (MT_CORRECTNESS)
DC_PARTIALLY_CONSTRUCTED,Multithreaded correctness (MT_CORRECTNESS)
DL_SYNCHRONIZATION_ON_SHARED_CONSTANT,Multithreaded correctness (MT_CORRECTNESS)
DL_SYNCHRONIZATION_ON_BOOLEAN,Multithreaded correctness (MT_CORRECTNESS)
DL_SYNCHRONIZATION_ON_BOXED_PRIMITIVE,Multithreaded correctness (MT_CORRECTNESS)
DL_SYNCHRONIZATION_ON_UNSHARED_BOXED_PRIMITIVE,Multithreaded correctness (MT_CORRECTNESS)
DL_SYNCHRONIZATION_ON_INTERNED_STRING,Multithreaded correctness (MT_CORRECTNESS)
WL_USING_GETCLASS_RATHER_THAN_CLASS_LITERAL,Multithreaded correctness (MT_CORRECTNESS)
ESync_EMPTY_SYNC,Multithreaded correctness (MT_CORRECTNESS)
MSF_MUTABLE_SERVLET_FIELD,Multithreaded correctness (MT_CORRECTNESS)
IS2_INCONSISTENT_SYNC,Multithreaded correctness (MT_CORRECTNESS)
NN_NAKED_NOTIFY,Multithreaded correctness (MT_CORRECTNESS)
RU_INVOKE_RUN,Multithreaded correctness (MT_CORRECTNESS)
SP_SPIN_ON_FIELD,Multithreaded correctness (MT_CORRECTNESS)
TLW_TWO_LOCK_WAIT,Multithreaded correctness (MT_CORRECTNESS)
UW_UNCOND_WAIT,Multithreaded correctness (MT_CORRECTNESS)
UG_SYNC_SET_UNSYNC_GET,Multithreaded correctness (MT_CORRECTNESS)
IS_FIELD_NOT_GUARDED,Multithreaded correctness (MT_CORRECTNESS)
ML_SYNC_ON_FIELD_TO_GUARD_CHANGING_THAT_FIELD,Multithreaded correctness (MT_CORRECTNESS)
ML_SYNC_ON_UPDATED_FIELD,Multithreaded correctness (MT_CORRECTNESS)
WS_WRITEOBJECT_SYNC,Multithreaded correctness (MT_CORRECTNESS)
RS_READOBJECT_SYNC,Multithreaded correctness (MT_CORRECTNESS)
SC_START_IN_CTOR,Multithreaded correctness (MT_CORRECTNESS)
WA_NOT_IN_LOOP,Multithreaded correctness (MT_CORRECTNESS)
WA_AWAIT_NOT_IN_LOOP,Multithreaded correctness (MT_CORRECTNESS)
NO_NOTIFY_NOT_NOTIFYALL,Multithreaded correctness (MT_CORRECTNESS)
UL_UNRELEASED_LOCK,Multithreaded correctness (MT_CORRECTNESS)
UL_UNRELEASED_LOCK_EXCEPTION_PATH,Multithreaded correctness (MT_CORRECTNESS)
MWN_MISMATCHED_WAIT,Multithreaded correctness (MT_CORRECTNESS)
MWN_MISMATCHED_NOTIFY,Multithreaded correctness (MT_CORRECTNESS)
LI_LAZY_INIT_STATIC,Multithreaded correctness (MT_CORRECTNESS)
LI_LAZY_INIT_UPDATE_STATIC,Multithreaded correctness (MT_CORRECTNESS)
JLM_JSR166_UTILCONCURRENT_MONITORENTER,Multithreaded correctness (MT_CORRECTNESS)
JML_JSR166_CALLING_WAIT_RATHER_THAN_AWAIT,Multithreaded correctness (MT_CORRECTNESS)
JLM_JSR166_LOCK_MONITORENTER,Multithreaded correctness (MT_CORRECTNESS)
SWL_SLEEP_WITH_LOCK_HELD,Multithreaded correctness (MT_CORRECTNESS)
RV_RETURN_VALUE_OF_PUTIFABSENT_IGNORED,Multithreaded correctness (MT_CORRECTNESS)
SSD_DO_NOT_USE_INSTANCE_LOCK_ON_SHARED_STATIC_DATA,Multithreaded correctness (MT_CORRECTNESS)
NOISE_NULL_DEREFERENCE,Bogus random noise (NOISE)
NOISE_METHOD_CALL,Bogus random noise (NOISE)
NOISE_FIELD_REFERENCE,Bogus random noise (NOISE)
NOISE_OPERATION,Bogus random noise (NOISE)
HSC_HUGE_SHARED_STRING_CONSTANT,Performance (PERFORMANCE)
DMI_BLOCKING_METHODS_ON_URL,Performance (PERFORMANCE)
DMI_COLLECTION_OF_URLS,Performance (PERFORMANCE)
DM_STRING_CTOR,Performance (PERFORMANCE)
DM_STRING_VOID_CTOR,Performance (PERFORMANCE)
DM_STRING_TOSTRING,Performance (PERFORMANCE)
DM_GC,Performance (PERFORMANCE)
DM_BOOLEAN_CTOR,Performance (PERFORMANCE)
DM_NUMBER_CTOR,Performance (PERFORMANCE)
DM_FP_NUMBER_CTOR,Performance (PERFORMANCE)
DM_BOXED_PRIMITIVE_TOSTRING,Performance (PERFORMANCE)
DM_BOXED_PRIMITIVE_FOR_PARSING,Performance (PERFORMANCE)
DM_BOXED_PRIMITIVE_FOR_COMPARE,Performance (PERFORMANCE)
BX_UNBOXED_AND_COERCED_FOR_TERNARY_OPERATOR,Performance (PERFORMANCE)
BX_UNBOXING_IMMEDIATELY_REBOXED,Performance (PERFORMANCE)
BX_BOXING_IMMEDIATELY_UNBOXED,Performance (PERFORMANCE)
BX_BOXING_IMMEDIATELY_UNBOXED_TO_PERFORM_COERCION,Performance (PERFORMANCE)
DM_NEW_FOR_GETCLASS,Performance (PERFORMANCE)
DM_NEXTINT_VIA_NEXTDOUBLE,Performance (PERFORMANCE)
SS_SHOULD_BE_STATIC,Performance (PERFORMANCE)
UUF_UNUSED_FIELD,Performance (PERFORMANCE)
URF_UNREAD_FIELD,Performance (PERFORMANCE)
SIC_INNER_SHOULD_BE_STATIC,Performance (PERFORMANCE)
SIC_INNER_SHOULD_BE_STATIC_NEEDS_THIS,Performance (PERFORMANCE)
SIC_INNER_SHOULD_BE_STATIC_ANON,Performance (PERFORMANCE)
UPM_UNCALLED_PRIVATE_METHOD,Performance (PERFORMANCE)
SBSC_USE_STRINGBUFFER_CONCATENATION,Performance (PERFORMANCE)
IIL_ELEMENTS_GET_LENGTH_IN_LOOP,Performance (PERFORMANCE)
IIL_PREPARE_STATEMENT_IN_LOOP,Performance (PERFORMANCE)
IIL_PATTERN_COMPILE_IN_LOOP,Performance (PERFORMANCE)
IIL_PATTERN_COMPILE_IN_LOOP_INDIRECT,Performance (PERFORMANCE)
IIO_INEFFICIENT_INDEX_OF,Performance (PERFORMANCE)
IIO_INEFFICIENT_LAST_INDEX_OF,Performance (PERFORMANCE)
ITA_INEFFICIENT_TO_ARRAY,Performance (PERFORMANCE)
WMI_WRONG_MAP_ITERATOR,Performance (PERFORMANCE)
UM_UNNECESSARY_MATH,Performance (PERFORMANCE)
IMA_INEFFICIENT_MEMBER_ACCESS,Performance (PERFORMANCE)
XSS_REQUEST_PARAMETER_TO_SEND_ERROR,Security (SECURITY)
XSS_REQUEST_PARAMETER_TO_SERVLET_WRITER,Security (SECURITY)
XSS_REQUEST_PARAMETER_TO_JSP_WRITER,Security (SECURITY)
HRS_REQUEST_PARAMETER_TO_HTTP_HEADER,Security (SECURITY)
HRS_REQUEST_PARAMETER_TO_COOKIE,Security (SECURITY)
PT_ABSOLUTE_PATH_TRAVERSAL,Security (SECURITY)
PT_RELATIVE_PATH_TRAVERSAL,Security (SECURITY)
DMI_CONSTANT_DB_PASSWORD,Security (SECURITY)
DMI_EMPTY_DB_PASSWORD,Security (SECURITY)
SQL_NONCONSTANT_STRING_PASSED_TO_EXECUTE,Security (SECURITY)
SQL_PREPARED_STATEMENT_GENERATED_FROM_NONCONSTANT_STRING,Security (SECURITY)
ASE_ASSERTION_WITH_SIDE_EFFECT,Security (SECURITY)
ASE_ASSERTION_WITH_SIDE_EFFECT_METHOD,Security (SECURITY)
CAA_COVARIANT_ARRAY_FIELD,Dodgy code (STYLE)
CAA_COVARIANT_ARRAY_RETURN,Dodgy code (STYLE)
CAA_COVARIANT_ARRAY_LOCAL,Dodgy code (STYLE)
DMI_UNSUPPORTED_METHOD,Dodgy code (STYLE)
DMI_THREAD_PASSED_WHERE_RUNNABLE_EXPECTED,Dodgy code (STYLE)
NP_DEREFERENCE_OF_READLINE_VALUE,Dodgy code (STYLE)
NP_IMMEDIATE_DEREFERENCE_OF_READLINE,Dodgy code (STYLE)
RV_REM_OF_RANDOM_INT,Dodgy code (STYLE)
RV_REM_OF_HASHCODE,Dodgy code (STYLE)
EQ_UNUSUAL,Dodgy code (STYLE)
EQ_DOESNT_OVERRIDE_EQUALS,Dodgy code (STYLE)
NS_NON_SHORT_CIRCUIT,Dodgy code (STYLE)
NS_DANGEROUS_NON_SHORT_CIRCUIT,Dodgy code (STYLE)
IC_INIT_CIRCULARITY,Dodgy code (STYLE)
IA_AMBIGUOUS_INVOCATION_OF_INHERITED_OR_OUTER_METHOD,Dodgy code (STYLE)
SE_PRIVATE_READ_RESOLVE_NOT_INHERITED,Dodgy code (STYLE)
SE_TRANSIENT_FIELD_OF_NONSERIALIZABLE_CLASS,Dodgy code (STYLE)
SF_SWITCH_FALLTHROUGH,Dodgy code (STYLE)
SF_SWITCH_NO_DEFAULT,Dodgy code (STYLE)
UUF_UNUSED_PUBLIC_OR_PROTECTED_FIELD,Dodgy code (STYLE)
URF_UNREAD_PUBLIC_OR_PROTECTED_FIELD,Dodgy code (STYLE)
QF_QUESTIONABLE_FOR_LOOP,Dodgy code (STYLE)
NP_UNWRITTEN_PUBLIC_OR_PROTECTED_FIELD,Dodgy code (STYLE)
UWF_FIELD_NOT_INITIALIZED_IN_CONSTRUCTOR,Dodgy code (STYLE)
UWF_UNWRITTEN_PUBLIC_OR_PROTECTED_FIELD,Dodgy code (STYLE)
UC_USELESS_VOID_METHOD,Dodgy code (STYLE)
UC_USELESS_CONDITION,Dodgy code (STYLE)
UC_USELESS_CONDITION_TYPE,Dodgy code (STYLE)
UC_USELESS_OBJECT,Dodgy code (STYLE)
UC_USELESS_OBJECT_STACK,Dodgy code (STYLE)
RV_RETURN_VALUE_IGNORED_INFERRED,Dodgy code (STYLE)
RV_RETURN_VALUE_IGNORED_NO_SIDE_EFFECT,Dodgy code (STYLE)
RV_CHECK_FOR_POSITIVE_INDEXOF,Dodgy code (STYLE)
RV_DONT_JUST_NULL_CHECK_READLINE,Dodgy code (STYLE)
NP_PARAMETER_MUST_BE_NONNULL_BUT_MARKED_AS_NULLABLE,Dodgy code (STYLE)
NP_NULL_ON_SOME_PATH_FROM_RETURN_VALUE,Dodgy code (STYLE)
NP_NULL_ON_SOME_PATH_MIGHT_BE_INFEASIBLE,Dodgy code (STYLE)
NP_LOAD_OF_KNOWN_NULL_VALUE,Dodgy code (STYLE)
PZLA_PREFER_ZERO_LENGTH_ARRAYS,Dodgy code (STYLE)
UCF_USELESS_CONTROL_FLOW,Dodgy code (STYLE)
UCF_USELESS_CONTROL_FLOW_NEXT_LINE,Dodgy code (STYLE)
RCN_REDUNDANT_NULLCHECK_OF_NULL_VALUE,Dodgy code (STYLE)
RCN_REDUNDANT_NULLCHECK_OF_NONNULL_VALUE,Dodgy code (STYLE)
RCN_REDUNDANT_COMPARISON_TWO_NULL_VALUES,Dodgy code (STYLE)
RCN_REDUNDANT_COMPARISON_OF_NULL_AND_NONNULL_VALUE,Dodgy code (STYLE)
SA_LOCAL_SELF_ASSIGNMENT,Dodgy code (STYLE)
INT_BAD_REM_BY_1,Dodgy code (STYLE)
INT_VACUOUS_COMPARISON,Dodgy code (STYLE)
INT_VACUOUS_BIT_OPERATION,Dodgy code (STYLE)
SA_LOCAL_DOUBLE_ASSIGNMENT,Dodgy code (STYLE)
SA_FIELD_DOUBLE_ASSIGNMENT,Dodgy code (STYLE)
DLS_DEAD_LOCAL_STORE_IN_RETURN,Dodgy code (STYLE)
DLS_DEAD_LOCAL_STORE,Dodgy code (STYLE)
DLS_DEAD_LOCAL_STORE_SHADOWS_FIELD,Dodgy code (STYLE)
DLS_DEAD_LOCAL_STORE_OF_NULL,Dodgy code (STYLE)
REC_CATCH_EXCEPTION,Dodgy code (STYLE)
DCN_NULLPOINTER_EXCEPTION,Dodgy code (STYLE)
FE_FLOATING_POINT_EQUALITY,Dodgy code (STYLE)
CD_CIRCULAR_DEPENDENCY,Dodgy code (STYLE)
RI_REDUNDANT_INTERFACES,Dodgy code (STYLE)
MTIA_SUSPECT_STRUTS_INSTANCE_FIELD,Dodgy code (STYLE)
MTIA_SUSPECT_SERVLET_INSTANCE_FIELD,Dodgy code (STYLE)
PS_PUBLIC_SEMAPHORES,Dodgy code (STYLE)
ICAST_INTEGER_MULTIPLY_CAST_TO_LONG,Dodgy code (STYLE)
ICAST_IDIV_CAST_TO_DOUBLE,Dodgy code (STYLE)
BC_BAD_CAST_TO_CONCRETE_COLLECTION,Dodgy code (STYLE)
BC_UNCONFIRMED_CAST,Dodgy code (STYLE)
BC_UNCONFIRMED_CAST_OF_RETURN_VALUE,Dodgy code (STYLE)
BC_VACUOUS_INSTANCEOF,Dodgy code (STYLE)
BC_BAD_CAST_TO_ABSTRACT_COLLECTION,Dodgy code (STYLE)
IM_BAD_CHECK_FOR_ODD,Dodgy code (STYLE)
IM_AVERAGE_COMPUTATION_COULD_OVERFLOW,Dodgy code (STYLE)
ICAST_QUESTIONABLE_UNSIGNED_RIGHT_SHIFT,Dodgy code (STYLE)
DMI_HARDCODED_ABSOLUTE_FILENAME,Dodgy code (STYLE)
DMI_USELESS_SUBSTRING,Dodgy code (STYLE)
ST_WRITE_TO_STATIC_FROM_INSTANCE_METHOD,Dodgy code (STYLE)
DMI_NONSERIALIZABLE_OBJECT_WRITTEN,Dodgy code (STYLE)
DB_DUPLICATE_BRANCHES,Dodgy code (STYLE)
DB_DUPLICATE_SWITCH_CLAUSES,Dodgy code (STYLE)
XFB_XML_FACTORY_BYPASS,Dodgy code (STYLE)
USM_USELESS_SUBCLASS_METHOD,Dodgy code (STYLE)
USM_USELESS_ABSTRACT_METHOD,Dodgy code (STYLE)
CI_CONFUSED_INHERITANCE,Dodgy code (STYLE)
TQ_EXPLICIT_UNKNOWN_SOURCE_VALUE_REACHES_NEVER_SINK,Dodgy code (STYLE)
TQ_EXPLICIT_UNKNOWN_SOURCE_VALUE_REACHES_ALWAYS_SINK,Dodgy code (STYLE)
NP_METHOD_RETURN_RELAXING_ANNOTATION,Dodgy code (STYLE)
NP_METHOD_PARAMETER_TIGHTENS_ANNOTATION,Dodgy code (STYLE)
